{
  "0": {
    "precision": 0.7266134104918858,
    "recall": 0.72606080414328,
    "f1-score": 0.7263370022101289,
    "support": 159101.0
  },
  "1": {
    "precision": 0.7291640774527106,
    "recall": 0.7297127541152839,
    "f1-score": 0.7294383126066509,
    "support": 160803.0
  },
  "accuracy": 0.7278964939481845,
  "macro avg": {
    "precision": 0.7278887439722982,
    "recall": 0.727886779129282,
    "f1-score": 0.7278876574083899,
    "support": 319904.0
  },
  "weighted avg": {
    "precision": 0.7278955291878118,
    "recall": 0.7278964939481845,
    "f1-score": 0.7278959074307323,
    "support": 319904.0
  }
}