{
  "0": {
    "precision": 0.7226361258619323,
    "recall": 0.6836672207155979,
    "f1-score": 0.7026117557908798,
    "support": 80017.0
  },
  "1": {
    "precision": 0.6995608308605341,
    "recall": 0.7373240758115969,
    "f1-score": 0.7179462192039467,
    "support": 79935.0
  },
  "accuracy": 0.7104818945683705,
  "macro avg": {
    "precision": 0.7110984783612332,
    "recall": 0.7104956482635973,
    "f1-score": 0.7102789874974133,
    "support": 159952.0
  },
  "weighted avg": {
    "precision": 0.7111043931800229,
    "recall": 0.7104818945683705,
    "f1-score": 0.710275056861973,
    "support": 159952.0
  }
}