{
  "0": {
    "precision": 0.7217243305055447,
    "recall": 0.6783308546933776,
    "f1-score": 0.6993551213415538,
    "support": 80017.0
  },
  "1": {
    "precision": 0.6962806504141789,
    "recall": 0.7381872771626947,
    "f1-score": 0.7166218325125546,
    "support": 79935.0
  },
  "accuracy": 0.7082437231169351,
  "macro avg": {
    "precision": 0.7090024904598617,
    "recall": 0.7082590659280361,
    "f1-score": 0.7079884769270541,
    "support": 159952.0
  },
  "weighted avg": {
    "precision": 0.7090090123594551,
    "recall": 0.7082437231169351,
    "f1-score": 0.7079840510045399,
    "support": 159952.0
  }
}