{
  "0": {
    "precision": 0.704124600159936,
    "recall": 0.7083864966279282,
    "f1-score": 0.706249118794354,
    "support": 159101.0
  },
  "1": {
    "precision": 0.7097347347347347,
    "recall": 0.7054843504163479,
    "f1-score": 0.7076031599005748,
    "support": 160803.0
  },
  "accuracy": 0.7069277033109933,
  "macro avg": {
    "precision": 0.7069296674473353,
    "recall": 0.7069354235221381,
    "f1-score": 0.7069261393474644,
    "support": 319904.0
  },
  "weighted avg": {
    "precision": 0.7069445913761488,
    "recall": 0.7069277033109933,
    "f1-score": 0.7069297413311264,
    "support": 319904.0
  }
}