{
  "0": {
    "precision": 0.7253104784089327,
    "recall": 0.7202091753037378,
    "f1-score": 0.7227508254936404,
    "support": 159101.0
  },
  "1": {
    "precision": 0.7250836822667704,
    "recall": 0.7301294130084638,
    "f1-score": 0.7275977999845069,
    "support": 160803.0
  },
  "accuracy": 0.7251956837051116,
  "macro avg": {
    "precision": 0.7251970803378516,
    "recall": 0.7251692941561008,
    "f1-score": 0.7251743127390737,
    "support": 319904.0
  },
  "weighted avg": {
    "precision": 0.725196477020866,
    "recall": 0.7251956837051116,
    "f1-score": 0.7251872065299976,
    "support": 319904.0
  }
}