{
  "0": {
    "precision": 0.47969781509819626,
    "recall": 0.4340702600697352,
    "f1-score": 0.4557448679005137,
    "support": 80017.0
  },
  "1": {
    "precision": 0.48274050213601993,
    "recall": 0.5287045724651279,
    "f1-score": 0.5046781425952794,
    "support": 79935.0
  },
  "accuracy": 0.4813631589476843,
  "macro avg": {
    "precision": 0.48121915861710807,
    "recall": 0.48138741626743153,
    "f1-score": 0.4802115052478966,
    "support": 159952.0
  },
  "weighted avg": {
    "precision": 0.4812183786945779,
    "recall": 0.4813631589476843,
    "f1-score": 0.4801989623333817,
    "support": 159952.0
  }
}