{
  "0": {
    "precision": 0.5044437424485688,
    "recall": 0.9735639625143777,
    "f1-score": 0.6645543823820903,
    "support": 159101.0
  },
  "1": {
    "precision": 0.6725064237327727,
    "recall": 0.053711684483498445,
    "f1-score": 0.09947824885111088,
    "support": 160803.0
  },
  "accuracy": 0.5111908572571772,
  "macro avg": {
    "precision": 0.5884750830906708,
    "recall": 0.513637823498938,
    "f1-score": 0.3820163156166006,
    "support": 319904.0
  },
  "weighted avg": {
    "precision": 0.5889221589064556,
    "recall": 0.5111908572571772,
    "f1-score": 0.38051311531390086,
    "support": 319904.0
  }
}