{
  "0": {
    "precision": 0.7822606636629723,
    "recall": 0.7475188716601404,
    "f1-score": 0.7644952689499126,
    "support": 159101.0
  },
  "1": {
    "precision": 0.7607062650042593,
    "recall": 0.7941331940324496,
    "f1-score": 0.7770604128127738,
    "support": 160803.0
  },
  "accuracy": 0.7709500350105032,
  "macro avg": {
    "precision": 0.7714834643336158,
    "recall": 0.770826032846295,
    "f1-score": 0.7707778408813433,
    "support": 319904.0
  },
  "weighted avg": {
    "precision": 0.7714261259031536,
    "recall": 0.7709500350105032,
    "f1-score": 0.7708112663384407,
    "support": 319904.0
  }
}