{
  "0": {
    "precision": 0.7522925906851252,
    "recall": 0.6151312688166636,
    "f1-score": 0.6768328526871236,
    "support": 159101.0
  },
  "1": {
    "precision": 0.677400150676199,
    "recall": 0.7995995099593913,
    "f1-score": 0.7334447569121598,
    "support": 160803.0
  },
  "accuracy": 0.7078561068320496,
  "macro avg": {
    "precision": 0.714846370680662,
    "recall": 0.7073653893880274,
    "f1-score": 0.7051388047996416,
    "support": 319904.0
  },
  "weighted avg": {
    "precision": 0.7146471438299582,
    "recall": 0.7078561068320496,
    "f1-score": 0.7052894022616788,
    "support": 319904.0
  }
}