{
  "0": {
    "precision": 0.7824827776427863,
    "recall": 0.7449358541525996,
    "f1-score": 0.7632478276605353,
    "support": 159948.0
  },
  "1": {
    "precision": 0.7566261610322673,
    "recall": 0.7929305559028733,
    "f1-score": 0.7743530726188769,
    "support": 159956.0
  },
  "accuracy": 0.7689338051415424,
  "macro avg": {
    "precision": 0.7695544693375268,
    "recall": 0.7689332050277364,
    "f1-score": 0.7688004501397061,
    "support": 319904.0
  },
  "weighted avg": {
    "precision": 0.7695541460328278,
    "recall": 0.7689338051415424,
    "f1-score": 0.7688005889969253,
    "support": 319904.0
  }
}