{
  "0": {
    "precision": 0.7152593714502082,
    "recall": 0.7082245022932627,
    "f1-score": 0.71172455368076,
    "support": 80017.0
  },
  "1": {
    "precision": 0.7107727756993137,
    "recall": 0.7177706886845562,
    "f1-score": 0.7142545920812663,
    "support": 79935.0
  },
  "accuracy": 0.7129951485445634,
  "macro avg": {
    "precision": 0.713016073574761,
    "recall": 0.7129975954889094,
    "f1-score": 0.7129895728810132,
    "support": 159952.0
  },
  "weighted avg": {
    "precision": 0.7130172236099327,
    "recall": 0.7129951485445634,
    "f1-score": 0.712988924364118,
    "support": 159952.0
  }
}