{
  "0": {
    "precision": 0.7072595791437223,
    "recall": 0.6958661479186178,
    "f1-score": 0.7015166059960904,
    "support": 159101.0
  },
  "1": {
    "precision": 0.7038061775400022,
    "recall": 0.7150239734333315,
    "f1-score": 0.7093707294651864,
    "support": 160803.0
  },
  "accuracy": 0.7054960238071422,
  "macro avg": {
    "precision": 0.7055328783418622,
    "recall": 0.7054450606759746,
    "f1-score": 0.7054436677306384,
    "support": 319904.0
  },
  "weighted avg": {
    "precision": 0.7055236916959785,
    "recall": 0.7054960238071422,
    "f1-score": 0.7054645610582373,
    "support": 319904.0
  }
}