{
  "0": {
    "precision": 0.708395242842007,
    "recall": 0.7102029528412769,
    "f1-score": 0.7092979460653844,
    "support": 159101.0
  },
  "1": {
    "precision": 0.7125444989619507,
    "recall": 0.7107454462914249,
    "f1-score": 0.7116438356164384,
    "support": 160803.0
  },
  "accuracy": 0.7104756426928078,
  "macro avg": {
    "precision": 0.7104698709019788,
    "recall": 0.7104741995663508,
    "f1-score": 0.7104708908409114,
    "support": 319904.0
  },
  "weighted avg": {
    "precision": 0.7104809086412947,
    "recall": 0.7104756426928078,
    "f1-score": 0.7104771313130779,
    "support": 319904.0
  }
}