{
  "0": {
    "precision": 0.6796552245576895,
    "recall": 0.706243204002489,
    "f1-score": 0.6926941737098753,
    "support": 159101.0
  },
  "1": {
    "precision": 0.6976497454376079,
    "recall": 0.6706466919149519,
    "f1-score": 0.6838817687756436,
    "support": 160803.0
  },
  "accuracy": 0.6883502550765229,
  "macro avg": {
    "precision": 0.6886524849976488,
    "recall": 0.6884449479587205,
    "f1-score": 0.6882879712427594,
    "support": 319904.0
  },
  "weighted avg": {
    "precision": 0.6887003535371756,
    "recall": 0.6883502550765229,
    "f1-score": 0.6882645287206307,
    "support": 319904.0
  }
}