{
  "0": {
    "precision": 0.7071210218898412,
    "recall": 0.647549895647175,
    "f1-score": 0.6760256502253854,
    "support": 80017.0
  },
  "1": {
    "precision": 0.6746273478240805,
    "recall": 0.7315193594795771,
    "f1-score": 0.7019224420956599,
    "support": 79935.0
  },
  "accuracy": 0.6895131039311794,
  "macro avg": {
    "precision": 0.6908741848569608,
    "recall": 0.689534627563376,
    "f1-score": 0.6889740461605227,
    "support": 159952.0
  },
  "weighted avg": {
    "precision": 0.690882513859641,
    "recall": 0.6895131039311794,
    "f1-score": 0.6889674081161926,
    "support": 159952.0
  }
}