{
  "0": {
    "precision": 0.7136578940702653,
    "recall": 0.7045914922349764,
    "f1-score": 0.7090957138902172,
    "support": 159948.0
  },
  "1": {
    "precision": 0.7083117267945773,
    "recall": 0.7173097601840506,
    "f1-score": 0.7127823472405139,
    "support": 159956.0
  },
  "accuracy": 0.7109507852355706,
  "macro avg": {
    "precision": 0.7109848104324212,
    "recall": 0.7109506262095135,
    "f1-score": 0.7109390305653656,
    "support": 319904.0
  },
  "weighted avg": {
    "precision": 0.7109847435852762,
    "recall": 0.7109507852355706,
    "f1-score": 0.7109390766621114,
    "support": 319904.0
  }
}