{
  "0": {
    "precision": 0.7870998472480003,
    "recall": 0.602397219376371,
    "f1-score": 0.6824724869778223,
    "support": 159101.0
  },
  "1": {
    "precision": 0.680732620698705,
    "recall": 0.8387841022866489,
    "f1-score": 0.7515385536898822,
    "support": 160803.0
  },
  "accuracy": 0.7212194908472542,
  "macro avg": {
    "precision": 0.7339162339733527,
    "recall": 0.72059066083151,
    "f1-score": 0.7170055203338522,
    "support": 319904.0
  },
  "weighted avg": {
    "precision": 0.7336332787436792,
    "recall": 0.7212194908472542,
    "f1-score": 0.7171892480233215,
    "support": 319904.0
  }
}