{
  "0": {
    "precision": 0.4483688202503884,
    "recall": 0.49054575902620695,
    "f1-score": 0.46850997547161927,
    "support": 80017.0
  },
  "1": {
    "precision": 0.4370097226825765,
    "recall": 0.39585913554763247,
    "f1-score": 0.4154178400057764,
    "support": 79935.0
  },
  "accuracy": 0.44322671801540464,
  "macro avg": {
    "precision": 0.4426892714664824,
    "recall": 0.4432024472869197,
    "f1-score": 0.44196390773869787,
    "support": 159952.0
  },
  "weighted avg": {
    "precision": 0.4426921831087268,
    "recall": 0.44322671801540464,
    "f1-score": 0.4419775166810937,
    "support": 159952.0
  }
}