{
  "0": {
    "precision": 0.4982944127313614,
    "recall": 0.90000874814102,
    "f1-score": 0.641447925109779,
    "support": 80017.0
  },
  "1": {
    "precision": 0.48136384261359955,
    "recall": 0.09290048164133359,
    "f1-score": 0.15574337786539713,
    "support": 79935.0
  },
  "accuracy": 0.49666149844953483,
  "macro avg": {
    "precision": 0.48982912767248044,
    "recall": 0.4964546148911768,
    "f1-score": 0.3985956514875881,
    "support": 159952.0
  },
  "weighted avg": {
    "precision": 0.48983346743300127,
    "recall": 0.49666149844953483,
    "f1-score": 0.39872015062756144,
    "support": 159952.0
  }
}