{
  "0": {
    "precision": 0.44683298501768154,
    "recall": 0.49318986052884645,
    "f1-score": 0.46886838677294834,
    "support": 159101.0
  },
  "1": {
    "precision": 0.4411942036216969,
    "recall": 0.3959067927837167,
    "f1-score": 0.41732546705998036,
    "support": 160803.0
  },
  "accuracy": 0.4442895368610583,
  "macro avg": {
    "precision": 0.44401359431968923,
    "recall": 0.4445483266562816,
    "f1-score": 0.44309692691646435,
    "support": 319904.0
  },
  "weighted avg": {
    "precision": 0.443998594185374,
    "recall": 0.4442895368610583,
    "f1-score": 0.44295981383042693,
    "support": 319904.0
  }
}